Lake Abashiri;Japan
Lake Abaya;Ethiopia
Aberdeen Lake;Canada
Abert Lake;USA
Lake Abhe ( Lake Abbe );Djibouti / Ethiopia
Lake Abijata;Ethiopia
Lake Abitibi;Canada
Aby Lagoon;Cote d'Ivoire
Lake Afambo;Ethiopia
Lake Aggol;Azerbaidjan
Agua Vermelha Reservoir;Brazil
Aishihik Lake;Canada
Lake Akan;Japan
Lake Alakol;Kazakhstan
Lake Albert;Congo ( Dem. Rep. ) / Uganda
Lake Alexandrina;Australia
Alicura Reservoir;Argentina
Lake Alumine;Argentina
Lake Amadeus;Australia
Amadjuak Lake;Canada
Lake Amatitlan;Guatemala
Amisk Lake;Canada
Amistad Reservoir;Mexico / USA
Ammersee ( Lake Ammer );Germany
Amutui Quimey Reservoir;Argentina
Lake Annecy;France
Apache Lake;USA
Aral Sea;Kazakhstan / Uzbekistan
Lake Arendsee;Germany
Lake Argentino;Argentina
Arroyito Reservoir;Argentina
Asejire Reservoir;Nigeria
Lake Athabasca;Canada
Atlin Lake;Canada
Attersee;Austria
Lake Austin;Australia
Lake Awassa;Ethiopia
Loch Awe;UK
Lake Aydarkul;Kazakhstan / Uzbekistan
Lake Ba Be;Viet Nam
Lake Baikal ( Baykal );Russia
Baker Lake;Canada
Lake Balaton;Hungary
Balbina Reservoir;Brazil
Lake Balkhash;Kazakhstan
Lake Balta Alba;Romania
Lake Bangweulu;Zambia
Lake Banyoles;Spain
Baptiste Lake;Canada
Bargi Dam Reservoir;India
Lake Baringo;Kenya
Bariri Reservoir;Brazil
Barra Bonita Reservoir;Brazil
Bartlett Lake;USA
Bassenthwaite;UK
Lake Bato;Philippines
Lake Batur;Indonesia
Bayano Lake;Panama
Bear Lake;USA
Becharof Lake;USA
Bedok Reservoir;Singapore
Lough Beg;UK
Lake Beira;Sri Lanka
Bergumermeer;Netherlands
Lake Beysehir;Turkey
Bhojtal ( Upper Lake );India
Lake Bienville;Canada
Billings Reservoir;Brazil
Billy Chinook Lake;USA
Bisalpur Reservoir;India
Bishazari Lake;Nepal
Lake Biwa;Japan
Lake Bled;Slovenia
Lake Bogoria;Kenya
Lake Boon Tsagaan;Mongolia
Boraped Reservoir ( Bung Boraphet );Thailand
Lake Bositeng;China
Bras d’Or Lake;Canada
Bratskoye Reservoir;Russia
Broa Reservoir ( Lobo );Brazil
Buffalo Pound Lake;Canada
Lake Buhi;Philippines
Lake Burera;Rwanda
Lake Burley Griffin;Australia
Buttle Lake;Canada
Lake Buyr;China / Mongolia
Cahora Bassa;Mozambique
Canandaigua Lake;USA
Caniapiscau Reservoir;Canada
Canyon Lake;USA
Capivara Reservoir;Brazil
Caratasca Lagoon;Honduras
Lake Cardiel;Argentina
Casa de Piedra Reservoir;Argentina
Caspian Sea;Azerbaidjan / Iran / Kazakhstan / Russia / Turkmenistan
Cayuga Lake;USA
Cedar Lake;Canada
Lake Chad;Cameroon / Niger / Nigeria / Chad
Lake Chamo;Ethiopia
Lake Champlain;Canada / USA
Lake Changshou;China
Lake Chany;Russia
Lake Chao;China
Lake Chapala;Mexico
Lake Charzykowskie;Poland
Lake Chascomus;Argentina
Cheboksary Reservoir;Russia
Chenghai Sea;China
Lake Chervonoje;Belarus
Lake Chicot;USA
Lake Chilika;India
Lake Chilwa;Malawi / Mozambique
Lake Chini;Malaysia
Chiriqui Lagoon;Panama
Lake Chivero ( McIlwaine );Zimbabwe
Lake Chuzenji;Japan
Lake Claire;Canada
Lake Clark;USA
Clearwater Lakes;Canada
Lake Cochico;Argentina
Lake Cocibolca (Nicaragua) ( Lake Nicaragua );Nicaragua
Lake Colhue Huapi;Argentina
Colorado Lagoon;Bolivia
Lake Como;Italy
Conesus Lake;USA
Coniston;UK
Lake Constance ( Bodensee );Austria / Switzerland / Germany
Crane Prairie Reservoir;USA
Crater Lake;USA
Cree Lake;Canada
Crescent Lake;USA
Crummock;UK
Lake Cyambwe;Rwanda
Lake Cyohoha Sud;Burundi / Rwanda
Dal Lake;India
Darbandikhan Lake;Iraq
Dargin;Poland
Dauphin Lake;Canada
Dead Sea;Israel / Jordan
Demirkopru Dam Reservoir;Turkey
Lake Derg;Ireland
Derwentwater;UK
Detroit Lake;USA
Diamante Lagoon;Argentina
Diamond Lake;USA
Dianchi;China
Lake Diefenbaker;Canada
Lake Dillon;USA
Dneprodzerzhinskoye Reservoir;Ukraine
Dobskie;Poland
Donghu;China
Lake Dongting;China
Dore Lake;Canada
Lake Driyviaty;Belarus
Lake Druksiai;Belarus / Lithuania
Dubawnt Lake;Canada
Lake Dusia;Lithuania
Lake Ebinur;China
Lake Edward;Congo ( Dem. Rep. ) / Uganda
Eemmeer;Netherlands
Lake Egridir;Turkey
Lake Elmenteita;Kenya
Ennerdale;UK
Lake Enriquillo;Dominican
Lake Epecuen;Argentina
Erhai Lake;China
Lake Erie;Canada / USA
Eskimo Lakes;Canada
Lake Evoron;Russia
Lake Eyre;Australia
Ezequiel Ramos Mexia Reservoir;Argentina
Lake Fagnano;Argentina
Lake Faguibine;Mali
Falcon International Reservoir;Mexico / USA
Lake Fateh Sagar;India
Fern Ridge Lake;USA
Flathead Lake;USA
Lake Fontana;Argentina
Lake Frome;Australia
Fuxian Lake;China
Lake Futalaufquen;Argentina
Lake G. Dimitrov;Bulgaria / Latvia
Lake Gairdner;Australia
Lake Galstas;Lithuania
Gandhi Sagar Reservoir;India
Lake Garda;Italy
Garrow Lake;Canada
Gatun Lake;Panama
Lake General Carrera;Argentina / Chile
Lake George;Uganda
Gitaru Reservoir;Kenya
Gods Lake;Canada
Gooimeer;Netherlands
Goose Lake;USA
Gorkovskoye Reservoir;Russia
Gouin;Canada
Lake Granby;USA
Great Bear Lake;Canada
Great Central Lake;Canada
Great Salt Lake;USA
Great Slave Lake;Canada
Green Mountain Reservoir;USA
Grevelingenmeer;Netherlands
Lake Guiers;Senegal
Guri Reservoir;Venezuela
Lake Hachiro ( Hachiro-gata );Japan
Lake Hago;Rwanda
Lake Hamana;Japan
Lake Hammer;Iraq
Hancza;Poland
Lake Har;Mongolia
Lake Har Us;Mongolia
Hartbeespoort Dam Reservoir;South Africa
Harveys Lake;USA
Haweswater;UK
Hazen Lake;Canada
Lake Helmand;Afghanistan / Iran
Hemlock Lake;USA
Hirakud Reservoir;India
Hirfanli Dam Reservoir;Turkey
Lake Hjalmaren;Sweden
Honeoye Lake;USA
Lake Hovsgol ( Hubsugul );Mongolia
Lake Huechulaufquen;Argentina
Lake Hulun;China
Lake Hungtze;China
Lake Huron;Canada / USA
Lake Hyargas ( Khirgiz );Mongolia
Ibera Lake;Argentina
Ibitinga Reservoir;Brazil
Lake Ihema;Rwanda
IJsselmeer;Netherlands
Lake Ikeda;Japan
Ilha Solteira Reservoir;Brazil
Iliamna Lake;USA
Lake Ilmen;Russia
Lake Geranimovas-Ilzas;Latvia
Imandrovskoye Reservoir ( Imandra );Russia
Lake Inari;Finland
Lake Inawashiro;Japan
Inba-numa;Japan
Indawgyi Lake;Myanmar
Indir Sagar Reservoir;India
Inle Lake;Myanmar
Island Lake;Canada
Lake Issyk-Kool;Kyrgyz
Lake Istada;Afghanistan
Itaipu Reservoir;Brazil
Ivankovo Reservoir;Russia
Lake Izabal;Guatemala
Jatiluhur;Indonesia
Lake Jerid;Tunisia
Lake Jipe;Kenya / Tanzania
Junin Lake;Peru
Jupia Reservoir;Brazil
Jurumirin Reservoir;Brazil
Kairakkumskoye Reservoir;Tajikistan
Kakhovskoye Reservoir;Ukraine
Kamafusa Reservoir;Japan
Kamburu Reservoir;Kenya
Kamloops Lake;Canada
Kamskoye Reservoir;Russia
Kanevskoye Reservoir;Ukraine
Kanhargaov Reservoir;India
Lake Kaoyu;China
Kaptchagayskoye Reservoir;Kazakhstan
Lake Kariba;Zambia / Zimbabwe
Kasba Lake;Canada
Lake Kasumigaura;Japan
Lake Kawaguchi;Japan
Keban Dam Reservoir;Turkey
Kejimkujik Lake;Canada
Kenyir Reservoir;Malaysia
Ketelmeer;Netherlands
Keuka Lake;USA
Kezar Lake;USA
Lake Khanka ( Xingkai );China / Russia
Khantayskoye;Russia
Kievskoye Reservoir;Ukraine
Kimbere Reservoir;Kenya
Kindaruma Reservoir;Kenya
Lake Kinneret ( Galilee );Israel
Kisajno;Poland
Lake Kivu;Congo ( Dem. Rep. ) / Rwanda
Lake Kivumba;Rwanda
Lake Kizaki;Japan
Knyazhegubskoye Reservoir ( Kovd );Russia
Lake Kojima;Japan
Lake Koka;Ethiopia
Lake Kolleru;India
Kootenay Lake;Canada
Krasnoyarskoye Reservoir;Russia
Krementchugskoye Reservoir;Ukraine
Kulundinskoye;Russia
Kurisches Bay;Lithuania / Russia
Kurunegala Reservoir;Sri Lanka
Kuybyshev Reservoir ( Samara Reservoir );Russia
Lake Kyaring;China
Lake Kyoga;Uganda
La Grande 2 Reservoir;Canada
La Grande 3 Reservoir;Canada
La Grande 4 Reservoir;Canada
Lake La Plata;Argentina
Lake Lacar;Argentina
Lake Ladoga;Russia
Laguna de Bay ( Laguna Lake );Philippines
Lake Amboseli;Kenya
Lake Benmore;New Zealand
Lake Bolsena;Italy
Lake Bracciano;Italy
Lake Burungi;Tanzania
Lake Chala;Kenya / Tanzania
Lake Ellesmere;New Zealand
Lake Eyasi;Tanzania
Lake Fitri;Chad
Lake Geneva ( Leman );Switzerland / France
Lake Hawea;New Zealand
Lake Idro;Italy
Lake Iseo;Italy
Lake Lucerne;Switzerland
Lake Magadi;Kenya
Lake Manapouri;New Zealand
Lake Manyame;Zimbabwe
Lake Manyara;Tanzania
Lake Mead;USA
Lake Powell;USA
Lake Pukaki;New Zealand
Lake Retba ( Lac Rose );Senegal
Lake Selingue;Mali
Lake Te Anau;New Zealand
Lake Tekapo;New Zealand
Lake Teli;Chad
Lake Waikaremoana;New Zealand
Lake Wakatipu;New Zealand
Lake Wanaka;New Zealand
Lake Yoan;Chad
Lam Ta Khong Reservoir;Thailand
Lake Lanao;Philippines
Nationaal Park Lauwersmeer;Netherlands
Lesser Slave Lake;Canada
Loch Leven;UK
Lake Llanquihue;Chile
Loktak Lake;India
Loch Lomond;UK
Lake Lop Nor;China
Los Barreales Reservoir;Argentina
Lower Lake ( as part of Lake Bhopal);India
Lower Lough Erne;UK
Lower Seletar Reservoir;Singapore
Luang Sea;Thailand
Lake Lubans;Latvia
Lake Lugano;Switzerland / Italy
Lake Lugu;China
Lake Lukomskoje;Belarus
Lunzer See;Austria
Lake Mafu;China
Lake Maggiore;Switzerland / Italy
Maharana Pratap Sagar;India
Lake Mai-Ndombe;Congo ( Dem. Rep. )
Lake Malaren;Sweden
Lake Malawi ( Nyasa );Malawi / Mozambique / Tanzania
Lake Mallasvesi;Finland
Lake Managua ( Xolotlan );Nicaragua
Manasbal Lake;India
Manicouagan Reservoir;Canada
Lake Manitoba;Canada
Lake Manzala;Egypt
Lake Mar Chiquita;Argentina
Lake Maracaibo;Venezuela
Mari Menuco Reservoir;Argentina
Markermeer;Netherlands
Lake Martre;Canada
Lake Mashu;Japan
Masinga Reservoir;Kenya
Massawippi Lake;Canada
Lake Matano;Indonesia
Lake Melville;Canada
Lake Memphremagog;Canada / USA
Lake Mendota;USA
Lake Menendez;Argentina
Merowe Reservoir;Sudan
Lake Michigan;USA
Michikamau Lake;Canada
Lake Mihindi;Rwanda
Milford Reservoir;USA
Mille Lacs Lake;USA
Mingetchaurskoye Reservoir;Azerbaidjan
Miquelon Lake;Canada
Mirim Lagoon;Brazil / Uruguay
Lake Mistassini;Canada
Miyun Reservoir;China
Lake Mjosa;Norway
Mondsee;Austria
Mono Lake;USA
Moose Lake;Canada
Loch Morar;UK
Lake Motosu;Japan
Mozhaysk Reservoir;Russia
Lake Mpanga;Rwanda
Mtera Reservoir;Tanzania
Lake Mugesera;Rwanda
Lake Muhazi;Rwanda
Lake Murray;Papua New Guinea
Muskoka Lake;Canada
Musters Lago;Argentina
Lake Mutirikwi;Zimbabwe
Lake Mweru;Congo ( Dem. Rep. ) / Zambia
Nagarjuna Sagar Reservoir;India
Nagase Reservoir;Japan
Lake Nahuel Huapi;Argentina
Lake Naivasha;Kenya
Lake Nakuru;Kenya
Nam Ngum Reservoir;Laos
Lake Namak;Iran
Lake Namu;China
Lake Naroch;Belarus
Lake Nasho;Rwanda
Lake Nasser;Egypt / Sudan
Lake Natron;Kenya / Tanzania
Lough Neagh;UK
Loch Ness;UK
Netilling Lake;Canada
Neusiedler See;Austria / Hungary
Lake Ngoring;China
Lake Nicaragua;Nicaragua
Nidili;Russia
Niegocin;Poland
Lake Nipigon;Canada
Lake Nipissing;Canada
Lake Nojiri;Japan
Northern Mamry;Poland
Northwood Lake;USA
Nova Avanhandava Reservoir;Brazil
Novosibirskoye Reservoir;Russia
Lake Nubia;Sudan
Nueltin Lake;Canada
Nyumba ya Mungu Reservoir;Tanzania
Lake O' Higgins;Argentina / Chile
Lake Obelija;Lithuania
Lake Ogawara;Japan
Oguta Lake;Nigeria
Lake Ohrid;Albania / Macedonia
Okanagan Lake;Canada
Lake Okeechobee;USA
Okutama Reservoir ( Ogochi );Japan
Lake Onega;Russia
Lake Ontario;Canada / USA
Opinaca Reservoir;Canada
Lake Orta;Italy
Lake Oulu;Finland
Owasco Lake;USA
Lake Oze;Japan
Lake Paajarvi;Finland
Lake Paanajarvi;Russia
Lake Paijanne;Finland
Panchet Reservoir;India
Lake Pangong;China / India
Lake Parakrama;Sri Lanka
Patos Lagoon;Brazil
Lake Patzcuaro;Mexico
Lake Peipsi ( Chudskoe );Estonia / Russia
Lake Peipus ( Chudsko-Pskov/Peipsi-Pihkva );Estonia / Russia
Pellegrini;Argentina
Lake Phewa;Nepal
Piedra Del Aguila Reservoir;Argentina
Lake Pielinen;Finland
Pipmuacan;Canada
Lake Piso;Liberia
Plitvice Lakes;Croatia
Poechos Reservoir;Peru
Lake Pomo;China
Lake Pontchartrain;USA
Lake Poopo;Bolivia
Porto Primavera Reservoir;Brazil
Powai Lake;India
Poyang Lake;China
Lake Prespa;Albania / Greece / Macedonia
Proletarskoye Reservoir;Russia
Promissao Reservoir;Brazil
Puelo Lake;Argentina
Pulicat Lake;India
Pyasino;Russia
Pyramid Lake;USA
Lake Qilin;China
Qinghai Lake;China
Lake Qionghai;China
Qullen Lake;Argentina
Rainy Lake;Canada / USA
Rana Pratap Sagar Reservoir;India
Lake Ranco;Chile
Ranjit Sagar Dam Lake;India
Lake Rara;Nepal
Red Lake;USA
Lake Ree;Ireland
Reindeer Lake;Canada
Lake Rinihue;Chile
Rio Hondo Reservoir;Argentina
Rio Tercero I Reservoir;Argentina
Rivadavia Lake;Argentina
Lake Rocha;Uruguay
Lake Rogaguado;Bolivia
Lake Ronge;Canada
Roosevelt Lake;USA
Rosana Reservoir;Brazil
Roseires Reservoir;Sudan
Lake Rotorua;New Zealand
Lake Ruhondo;Rwanda
Lake Rukwa;Tanzania
Lake Rwanyakizinga;Rwanda
Lake Rweru;Burundi / Rwanda
Rybinsk Reservoir;Russia
Sagami Reservoir;Japan
Lake Sagar;India
Saguaro Lake;USA
Lake Saguling;Indonesia
Lake Saimaa;Finland
Lake Saint-John ( Saint-Jean );Canada
Lake Sake;Rwanda
Salto Grande Reservoir;Brazil
Lake Salto Grande;Argentina / Uruguay
Salton Sea;USA
Samuel Reservoir;Brazil
San Roque Reservoir;Argentina
Lake Sancha;China
Lake Sapanca;Turkey
Saratovskoye Reservoir;Russia
Sardar Sarovar Dam Reservoir;India
Lake Saroma;Japan
Sarygamysh Lake;Turkmenistan / Uzbekistan
Sasykkol;Kazakhstan
Sayanskoye Reservoir;Russia
Lake Segozero;Russia
Selawik Lake;USA
Seletyteniz;Kazakhstan
Seneca Lake;USA
Sennar Reservoir;Sudan
Lake Sentarum;Indonesia
Lake Seul;Canada
Lake Sevan;Armenia
Lake Shala;Ethiopia
Shardara Reservoir;Kazakhstan / Uzbekistan
Sheksninskoye Reservoir ( Beloye );Russia
Shey Phoksundo Lake;Nepal
Loch Shiel;UK
Lake Shikotsu;Japan
Lake Shinji;Japan
Lake Shlavantas;Lithuania
Lake Shumarinai;Japan
Shuswap Lake;Canada
Lake Sibaya;South Africa
Lake Simcoe;Canada
Singkarak;Indonesia
Lake Skadar;Albania / Montenegro
Skaha Lake;Canada
Lake Slapy;Czech
Smallwood Reservoir;Canada
Smith Mountain Lake;USA
Lake Sniardwy;Poland
Sobradinho Reservoir;Brazil
Somasila Reservoir;India
Lake Songkhla;Thailand
Southern Indian Lake;Canada
St. Clair Lake;Canada / USA
Starnberger See ( Lake Starnberg );Germany
Lake Stechlin;Germany
Lake Superior;Canada / USA
Lake Suwa;Japan
Szczecin Lagoon ( Oder );Germany / Poland
Lake Taal;Philippines
Lake Tahoe;USA
Lake Tai;China
Takiyuak Lake;Canada
Lake Tana;Ethiopia
Lake Tanganyika;Burundi / Congo ( Dem. Rep. ) / Tanzania / Zambia
Lake Tangra;China
Taquarucu Reservoir;Brazil
Tarbela Reservoir;Pakistan
Tasek Bera ( Bera );Malaysia
Lake Taupo;New Zealand
Lake Taymyr;Russia
Lake Tazawa;Japan
Tchardarinskoye Reservoir;Kazakhstan
Tega-numa;Japan
Tengiz;Kazakhstan
Lake Terhiyn Tsagaan;Mongolia
Lake Terinam;China
Terminos Lagoon;Mexico
Teshekpuk Lake;USA
Lake Tharthar;Iraq
The West Lake ( Xi Hu );China
Lake Thingvalla;Iceland
Lake Titicaca;Bolivia / Peru
Tjeuke meer;Netherlands
Lake Toba;Indonesia
Lake Todos los Santos;Chile
Tonle Sap;Cambodia
Topopyozerskoye Reservoir;Russia
Lake Torrens;Australia
Lake Towada;Japan
Lake Toya;Japan
Lake Trasimeno;Italy
Lake Traunsee;Austria
Tres Irmaos Reservoir;Brazil
Lake Trummen;Sweden
Tsimlyansk Reservoir;Russia
Tucurui Reservoir;Brazil
Tulsi Lake;India
Lake Tumba;Congo ( Dem. Rep. )
Tungabhadra Reservoir;India
Lake Turkana ( Rudolf );Ethiopia / Kenya
Lake Tuz;Turkey
Twin Lakes;USA
Lake Ubinskoe;Russia
Ubolratana Reservoir;Thailand
Udawalawa Reservoir;Sri Lanka
Uglich Reservoir;Russia
Ullswater;UK
Lake Ulu Lepar System;Malaysia
Lake Ulungur;China
Lake Upemba;Congo ( Dem. Rep. )
Upper Klamath Lake;USA
Upper Lough Erne;UK
Lake Urmia;Iran
Lake Uru Uru;Bolivia
Ust-Ilimskoye Reservoir;Russia
Lake Uvildy;Russia
Lake Uvs;Mongolia
Lake Valencia;Venezuela
Lake Van;Turkey
Lake Vanajavesi;Finland
Lake Vanern;Sweden
Varna Lake;Bulgaria
Lake Vattern;Sweden
Veersemeer;Netherlands
Velencei-to;Hungary
Veluwemeer;Netherlands
Lake Victoria;Kenya / Tanzania / Uganda
Lake Viedma;Argentina
Vihar Lake;India
Viluyskoe Reservoir;Russia
Volgograd Reservoir;Russia
Volta Lake;Ghana
Volta Grande Reservoir;Brazil
Lake Volvi;Greece
Voronegskoe Reservoir;Russia
Lake Vortsjarv;Estonia
Votkinskoye Reservoir;Russia
Vygozersko-Ondskoye Reservoir ( Vyg );Russia
Wabamun Lake;Canada
Lake Washington;USA
Wastwater;UK
Webster Lake;USA
Lake Wei-shan;China
Lake Weija;Ghana
Lake West ( Ho-Tay );Viet Nam
Western Brook Pond;Canada
Wigry;Poland
Williston Lake;Canada
Windermere;UK
Lake Winnipeg;Canada
Lake Winnipegosis;Canada
Wolfgangsee;Austria
Wollaston Lake;Canada
Wood Lake;Canada
Lake Woods;Canada / USA
Xavantes Reservoir;Brazil
Lake Xiaonanhai;China
Yacyreta P.P. Reservoir;Argentina / Paraguay
Lake Yamdrok;China
Yathkyed Lake;Canada
Lake Ypacarai;Paraguay
Yuqiao Reservoir;China
Lake Zaysan;Kazakhstan
Zeekoevlei;South Africa
Zeiskoye Reservoir;Russia
Lake Ziway;Ethiopia
Lake Zug;Switzerland
Zurich See;Switzerland
